Model #,Description,Ext. Price
S-12988S,"Uline Machine Length Stretch Film Skid Lot - One-Sided Cling, 70   gauge, 20"" x 6,500' 32 rolls/skid ",14464.0
S-8145S,"Uline Machine Length Stretch Film Skid Lot - Blown, 70 gauge, 20'' x   6,000' 32 rolls/skid ",12608.0
S-13318,"20 x 20 x 16"" 275 lb Double Wall Corrugated Boxes 10/bundle ",9828.0
H-11565,"Portacool&reg; Apex&trade; Evaporative Cooler - 36"" ",8300.0
S-4606,"10 x 10 x 48"" Tall Corrugated Boxes 20/bundle ",7280.0
S-826,"Steel Strapping - Standard Grade, 3/4"" x .020"" x 2,058' ",6544.0
S-4748,"40 x 8 x 8"" Long Corrugated Boxes 25/bundle ",6306.75
S-12988,"Uline Machine Length Stretch Film - One-Sided Cling, 70 gauge, 20"" x   6,500' ",5504.0
S-4480B,"48 x 40 x 36"" Double Wall Gaylord Bottom 5/bundle ",5380.0
S-3968,"Uline Stretch Wrap - Cast, 120 gauge, 18"" x 1,000' 4 rolls/case ",4812.0
S-7828,"3M 8934 Economy Strapping Tape - 3"" x 60 yds 12 rolls/case ",4541.4
S-3473,"Side Loading Packing List Envelopes - Clear, 6 x 9"" 1,000/carton ",3834.0
S-22574,"48 x 40 x 48"" Double Wall Gaylord Box with Lid 5/bundle ",3762.75
S-4995,"20 x 16 x 16"" 275 lb Double Wall Corrugated Boxes 10/bundle ",3753.6000000000004
S-1081S,"Steel Strapping Skid Lot - Standard Grade, 1/2"" x .023"" x 2,688' 12   coils/skid ",3216.0
S-22043,"Uline Fast Tack Spray Adhesive - Low VOC, 14 oz ",3045.0
H-6328BL,"Pedestal Sign Holder - 8 1/2 x 11"", Black ",3005.0
S-423,"Uline Industrial Tape - 2 Mil, 2"" x 110 yds, Clear 36 rolls/case ",2958.12
S-6802,"Desktop Direct Thermal Labels - 4 x 6"" 250/roll ",2880.0
S-6264,"Industrial Direct Thermal Labels - 4 x 6"" 1,000/roll ",2772.0
H-3325BL,"Uline Flat Shelf Utility Cart - Standard, 44 x 25 x 33"", Black ",2650.0
S-11683,Oil-Dri&reg; Premium Bag - 35 lb ,2613.25
S-209,"""Invoice Enclosed"" Banner Envelopes - Orange, 4 1/2 x 5 1/2""   1,000/carton ",2552.0
S-2190,"Uline Stretch Wrap - Cast, 80 gauge, 18"" x 1,500' 4 rolls/case ",2520.0
S-4125,"12 x 12 x 12"" Corrugated Boxes 25/bundle ",2479.75
S-445,"Uline Industrial Tape - 2 Mil, 3"" x 110 yds, Clear 24 rolls/case ",2389.2
H-3256,"Wide Span Storage Rack - Wire Decking, 96 x 36 x 72"" ",2200.0
S-4854,"13 x 10 x 5"" Corrugated Boxes 25/bundle ",2184.5
S-4219,"24 x 18 x 12"" Corrugated Boxes 10/bundle ",2087.8
S-3000,"Polyester Strapping - Green, 1/2"" x .021"" x 9,000' ",2066.0
S-16753,"17 x 12 x 10"" Corrugated Boxes 25/bundle ",1904.0
S-7247,"Universal Sorbent Pads - 15 x 19"", Heavy 100/carton ",1804.0
S-3927P,"Economy Bubble Roll - 12"" x 750', 3/16"", Perforated 4 rolls/bundle ",1764.0
S-6671,"Uline Stretch Wrap Skid Lot - Cast, 70 gauge, 18"" x 1,500' 96   rolls/skid ",1675.2
S-7127,"Uline Deluxe Multi-Fold Towels 4,000 sheets/case ",1672.0
S-207,"""Packing List Enclosed"" Banner Envelopes - Orange, 4 1/2 x 5 1/2""   1,000/carton ",1581.0
S-6669,"Uline Stretch Wrap Skid Lot - Blown, 70 gauge, 18"" x 1,500' 96   rolls/skid ",1579.2
S-7815,"American Flag Packing List Envelopes - 4 1/2 x 5 1/2"" 1,000/carton ",1530.0
S-16769,"44 x 12 x 12"" Long Corrugated Boxes 15/bundle ",1473.75
S-8145,"Uline Machine Length Stretch Film - Blown, 70 gauge, 20'' x 6,000' ",1456.0
S-4913,"28 x 8 x 8"" Long Corrugated Boxes 25/bundle ",1433.0
S-12404,"Jumbo Natural Nylon Cable Ties - 30"", 250 lb 100/pack ",1424.0
S-7541P,"Heavy Duty Bubble Roll - 12"" x 250', 1/2"", Perforated 4 rolls/bundle ",1420.0
S-642,"Uline Stretch Wrap - Blown, 80 gauge, 18"" x 1,500' 4 rolls/case ",1360.0
S-8278P,"Economy Bubble Roll - 16"" x 375', 5/16"", Perforated 3 rolls/bundle ",1359.0
S-4201,"20 x 20 x 20"" Corrugated Boxes 10/bundle ",1295.0
S-4542,"20 x 14 x 6"" Corrugated Boxes 25/bundle ",1278.75
S-313,Uline Fast Tack Spray Adhesive - 11.5 oz ,1241.5
S-7131,Uline Toilet Tissue 96 rolls/case ,1232.0
S-4084,"8 x 8 x 8"" Corrugated Boxes 25/bundle ",1204.5
S-10665,"40 x 12 x 12"" Long Corrugated Boxes 15/bundle ",1161.0
S-5968,"""Packing List &/or Invoice Enclosed"" Banner Envelopes - Orange, 4 1/2   x 5 1/2"" 1,000/carton ",1146.0
S-821,"Uline Poly Strapping - 1/2"" x .024"" x 7,200', Black ",1087.0
S-22173,"8 x 4 x 4"" Lightweight 32 ECT Corrugated Boxes 25/bundle ",1073.0
S-17293,"Universal Sorbent Pads - 15 x 19"", Light 200/carton ",1020.0
H-1915BL,"Vertical File Cabinet - Letter, 4 Drawer, Black ",1005.0
S-4160,"16 x 12 x 10"" Corrugated Boxes 25/bundle ",994.0
H-1915T,"Vertical File Cabinet - Letter, 4 Drawer, Tan ",990.0
S-4618,"12 x 12 x 40"" Tall Corrugated Boxes 15/bundle ",961.8
S-1831,"Uline Econo-Wrapper&reg; - Cast, 80 gauge, 20"" x 1,000' 4 rolls/case ",936.0
S-23949,"7 x 7 x 48"" Tall Corrugated Boxes 25/bundle ",934.5
S-19816,"24 x 14 x 20"" Corrugated Boxes 15/bundle ",924.0
S-3575,"30 lb Kraft Paper Roll - 24"" x 1,200' ",918.0
S-4574,"48 x 8 x 8"" Long Corrugated Boxes 20/bundle ",906.0
H-2917,Adjustable Width Pallet Truck ,895.0
H-1366,"Uline Pallet Truck - Short/Narrow Fork, 36 x 21"" ",890.0
S-825,"Steel Strapping - Standard Grade, 1/2"" x .020"" x 3,087' ",864.0
S-4534,"15 x 15 x 20"" Corrugated Boxes 25/bundle ",840.0
S-2105,"Uline Stretch Wrap - Blown, 70 gauge, 18"" x 1,500' 4 rolls/case ",836.0
H-6982,"Adjustable Height Machine Table - 36 x 24 x 30-37"" ",835.0
H-8404-STEEL,"L-Shaped Industrial Packing Table - 72 x 78"", Steel Top ",835.0
H-3657-STEEL,"Industrial Packing Table - 48 x 36"", Steel Top ",830.0
H-5036,"Rubbermaid&reg; Plastic Platform Truck - 30 x 60"" ",825.0
S-4190,"26 x 26 x 26"" Corrugated Boxes 10/bundle ",806.0
S-4335,"12 x 9 x 9"" Corrugated Boxes 25/bundle ",792.0
S-16464,"48 x 12 x 12"" 275 lb Double Wall Corrugated Boxes 10/bundle ",790.2
S-4185,"18 x 18 x 18"" Corrugated Boxes 20/bundle ",756.0
S-15048,"14 x 12 x 10"" 275 lb Heavy Duty Corrugated Boxes 25/bundle ",738.75
S-4062,"6 x 6 x 6"" Corrugated Boxes 25/bundle ",708.75
S-11684,Oil-Dri&reg; Quick-Sorb&trade; Pail - 20 lb ,687.75
H-4122,"Uline Pallet Truck - Short/Extra Narrow Fork, 36 x 16"" ",645.0
S-7711,Uline Paper Towels 30 rolls/case ,630.0
H-5780,Infrared Heater - Indoor ,620.0
S-18484,Folgers&reg; Classic Roast Filter Packs - Regular 40 packets/box ,616.0
S-6684P,"Economy Bubble Roll - 24"" x 375', 5/16"", Perforated 2 rolls/bundle ",600.0
S-12889,"Oil Only Sorbent Pads - 15 x 19"", Light 100/carton ",600.0
S-1524,"Uline Machine Length Stretch Film - Cast, 80 gauge, 20"" x 6,000' ",588.0
S-19852,"12 x 9 x 9"" Lightweight 32 ECT Corrugated Boxes 25/bundle ",581.0
S-6870,Cottonelle&reg; Toilet Tissue 60 rolls/case ,581.0
H-2504BL,"Uline Utility Cart - Standard, 45 x 25 x 33"", Black ",580.0
S-6668,"Uline Machine Length Stretch Film - Cast, 70 gauge, 20"" x 6,500' ",570.0
S-19062,"10 x 8 x 8"" Lightweight 32 ECT Corrugated Boxes 25/bundle ",567.0
H-6744GR,"Uline Double Tier Lockers - 3 Wide, Unassembled, 45"" Wide, 18"" Deep,   Gray ",565.0
S-22044,"Uline Heavy Duty Spray Adhesive - Low VOC, 12 oz ",549.0
S-4243,"24 x 12 x 12"" Corrugated Boxes 20/bundle ",546.0
H-4119BL,Foam Padded Mesh Chair - Black ,543.0
S-16847L,Uline Heavy Utility Gloves - Large ,529.0
S-4883,"7 x 7 x 10"" Corrugated Boxes 25/bundle ",521.5
H-7661,Swivel Shop Stool with Backrest ,520.0
S-4060,"6 x 4 x 4"" Corrugated Boxes 25/bundle ",499.5
H-384R,Sharpie&reg; Magnum Markers - Red ,494.4
S-2328,"""Invoice Enclosed"" Banner Envelopes - Red, 4 1/2 x 6"" 1,000/carton ",492.0
S-14775,"Foam Cups - 10 oz 1,000/case ",485.0
S-4105,"10 x 10 x 10"" Corrugated Boxes 25/bundle ",462.0
S-10666,"48 x 10 x 10"" Long Corrugated Boxes 20/bundle ",460.0
H-1484,"Uline Pallet Truck - Short Fork, 36 x 27"" ",455.0
S-17297,"Oil Only Sorbent Pads - 15 x 19"", Medium 100/carton ",455.0
H-279,Uline Deluxe Steel Strapping Cart ,450.0
H-1193,"Uline Pallet Truck - Narrow Fork, 48 x 21"" ",445.0
S-4040,"4 x 4 x 4"" Corrugated Boxes 25/bundle ",440.0
S-5150,"Uline Self-Seal White Bubble Mailers #5 - 10 1/2 x 16"" 100/case ",432.0
S-18350,"16 x 16 x 8"" Lightweight 32 ECT Corrugated Boxes 25/bundle ",426.0
S-4135,"6 x 6 x 36"" Tall Corrugated Boxes 25/bundle ",395.0
H-3587,"Plastic Shelving - 36 x 24 x 75"" ",395.0
S-3930P,"Economy Bubble Roll - 12"" x 250', 1/2"", Perforated 4 rolls/bundle ",384.0
S-25369,Bounty&reg; Select-A-Size Paper Towels 12 rolls/case ,380.0
H-3657-LAM,"Industrial Packing Table - 48 x 36"", Laminate Top ",370.0
S-16847X,Uline Heavy Utility Gloves - XL ,368.0
S-2599P,"Foam Roll - Perforated, 1/32"", 6"" x 2,000' 12 rolls/bundle ",360.0
S-4218,"24 x 16 x 16"" Corrugated Boxes 10/bundle ",350.4
S-4663,"26 x 16 x 14"" Corrugated Boxes 15/bundle ",348.75
S-6860,"Foam Cups - 12 oz 1,000/case ",345.0
S-4142,"14 x 14 x 14"" Corrugated Boxes 25/bundle ",344.0
H-7668,Big and Tall Work Stool ,335.0
S-2157,"Polyester Strapping Seals - Gripper, 1/2"" 1,000/carton ",324.0
S-5897,"Uline Self-Seal White Bubble CD Mailers - 7 1/4 x 8"" 200/case ",322.0
S-17294,"Universal Sorbent Pads - 15 x 19"", Medium 100/carton ",320.0
H-3248,"Wide Span Storage Rack - Wire Decking, 60 x 36 x 72"" ",306.0
S-13727,"Uline Deluxe Paper Roll Towels - 8"" x 800' 6/case ",300.0
S-16847XX,Uline Heavy Utility Gloves - 2XL ,299.0
S-5736,"Economy Strapping Tape - 1"" x 60 yds 36 rolls/case ",298.8
S-24385L,Gatorade&reg; Single Packs - Lemon-Lime 80/case ,298.0
S-24385ORG,Gatorade&reg; Single Packs - Orange 80/case ,298.0
S-4994,"20 x 14 x 4"" Corrugated Boxes 25/bundle ",294.0
H-2504G,"Uline Utility Cart - Standard, 45 x 25 x 33"", Green ",290.0
H-6863-WOOD,"Industrial Packing Table - 48 x 24"", Composite Wood Top ",290.0
S-18368,"26 x 16 x 16"" Corrugated Boxes 15/bundle ",286.8
S-284,"IBM Style Open End Packing List Envelopes - Clear, 4 3/8 x 9""   1,000/carton ",284.0
S-8363,"Desktop Direct Thermal Labels - 3 x 2"" 700/roll ",276.0
H-7065,"Uline Ratchet Tie-Downs - E-Track, 2"" x 20' ",259.0
S-24148BL,"Pilot&reg; G-2&reg; Gel Pen - Bold Tip, Black ",258.0
S-20661,Uline Antibacterial Hand Soap - 7.5 oz Dispenser ,256.5
S-828,"Steel Strapping Seals - Open, 3/4"" 1,000/carton ",254.0
S-4196,"20 x 14 x 10"" Corrugated Boxes 20/bundle ",247.0
S-12700BL,"Uline Pallet Markers - Chisel-Tip, Black ",246.60000000000002
S-19459FRESH,"Uline Disinfecting Wipes - Fresh Scent, 75 ct ",246.0
H-3155,"Chrome Mobile Shelving - 36 x 24 x 69"" ",245.0
S-3405,Industrial Sweeping Compound - 50 lb Box ,244.0
S-11442Y,"Removable Adhesive Circle Labels - Fluorescent Yellow, 2"" 1,000/roll ",234.0
S-21324W,"Drawstring Trash Liners - 1 Mil, 23-30 Gallon, White 200/carton ",232.0
S-22393,"Uline Economy White Poly Bubble Mailers #1 - 7 1/4 x 12"" 100/case ",232.0
S-4366,"30 x 30 x 30"" Corrugated Boxes 5/bundle ",223.2
S-24385F,Gatorade&reg; Single Packs - Fruit Punch 80/case ,223.0
S-4525,"12 x 12 x 48"" Tall Corrugated Boxes 15/bundle ",222.0
S-12808ALOE,"Purell&reg; Hand Sanitizer - 12 oz, Aloe ",216.0
S-4661,"25 x 16 x 16"" Corrugated Boxes 10/bundle ",212.5
H-3102,"Anti-Fatigue Mat - 5/8"" thick, 2 x 10', Black ",204.0
S-25098,Single-Serve Cappuccino Cups - French Vanilla 24/box ,204.0
S-6869,Scott&reg; Toilet Tissue 80 rolls/case ,204.0
H-531,"High Tensile Steel Strapping Sealer - 3/4"" ",200.0
H-2922T,"Mail Sorter - Steel, 15 Compartment, Tan ",195.0
S-4172,"17 x 17 x 17"" Corrugated Boxes 25/bundle ",192.5
S-22748BL,"Uline Comfort Grip Ballpoint Pen - Medium Tip, Black ",191.4
S-4876,"6 x 6 x 6"" 275 lb Heavy Duty Corrugated Boxes 25/bundle ",190.0
H-6347,Uline Standard Janitor Cart ,190.0
H-8094,Deluxe Heat Gun ,190.0
S-24855,"Uline Disinfectant Spray - Linen Scent, 19 oz Spray Can ",186.0
H-9289,180-Piece Shop Tool Set ,185.0
S-2107,"Uline Stretch Wrap - Blown, 90 gauge, 15"" x 1,500' 4 rolls/case ",184.0
S-512,"Poly Strapping Seals - Open, 1/2"" 1,000/carton ",180.0
S-13677R,Uline Tamper Evident Plastic Truck Seals - Red 100/Pack ,180.0
H-2055,"Uline Loop Handle Steel Hand Truck - 16"" XL Nose Plate, Solid Wheels ",170.0
H-2938-72,"Chrome Wire Shelving Unit - 24 x 18 x 72"" ",169.0
H-3831,"Contractors Broom - 36"", Medium Bristles ",164.0
S-17298,"Oil Only Sorbent Pads - 15 x 19"", Heavy 100/carton ",164.0
H-1598,"LiftAll&reg; Ratchet Tie Downs - E-Track, 2"" x 16' ",162.0
S-16882BL-L,"Uline Gription&reg; Flex Latex Coated Gloves - Black, Large 12   pairs/carton ",162.0
S-4166,"16 x 16 x 16"" Corrugated Boxes 25/bundle ",162.0
S-7217,"Uline Kraft Paper Roll Towels - 8"" x 350' 12 rolls/case ",160.0
H-573,Uline Deluxe Strapping Tensioner ,160.0
S-6683P,"Economy Bubble Roll - 12"" x 375', 5/16"", Perforated 4 rolls/bundle ",156.0
H-242,Industrial Steel Strapping Tensioner ,153.0
S-14266,"10 x 10 x 12"" Corrugated Boxes 25/bundle ",153.0
S-21355,N'Joy Sugar - 20 oz 3/box ,152.5
S-4456,"18 x 18 x 16"" Corrugated Boxes 20/bundle ",152.39999999999998
S-18412,"Microfiber Deluxe Dust Mop Replacement Head - 48"" ",150.0
S-24148R,"Pilot&reg; G-2&reg; Gel Pen - Bold Tip, Red ",150.0
H-11664,"Uline Hi-Vis Retractable Ratchet Tie-Downs - S-Hook, 2"" x 10', 3,300   lb Capacity ",150.0
S-18499,"Uline Paper Plates - 10 1/4"", Heavyweight 250/case ",147.0
H-2504Y,"Uline Utility Cart - Standard, 45 x 25 x 33"", Yellow ",145.0
H-2504BLU,"Uline Utility Cart - Standard, 45 x 25 x 33"", Blue ",145.0
H-2504R,"Uline Utility Cart - Standard, 45 x 25 x 33"", Red ",145.0
H-2938-72A,"Chrome Wire Shelving Add-On Unit - 24 x 18 x 72"" ",145.0
H-1786,Uline Loop Handle Steel Hand Truck - Solid Wheels ,145.0
H-351,"Industrial Steel Strapping Sealer - 1/2"" ",142.0
S-17295,"Universal Sorbent Rolls - 30"" x 150', Medium ",138.0
H-714BL,"Anti-Fatigue Mat - 3/8"" thick, 3 x 15', Black ",137.0
S-4911,"25 x 25 x 20"" Corrugated Boxes 10/bundle ",136.6
S-13677Y,Uline Tamper Evident Plastic Truck Seals - Yellow 100/Pack ,135.0
H-540,Uline Industrial Poly Strapping Tensioner ,132.0
S-10331,"Uline Steel Tuff&reg; Trash Liners - 55 Gallon, 1.7 Mil 50/carton ",132.0
S-13296,"13 x 10 x 6"" Corrugated Boxes 25/bundle ",131.0
H-2755BL,Uline Folding Knife - Black ,128.0
S-7805,"Self-Seal Envelopes - Kraft, 9 x 12"" 100/case ",126.0
H-2456,Pallet Truck Stop ,126.0
H-6980,"Adjustable Height Machine Table - 24 x 18 x 30-37"" ",125.0
H-10882,Job Site Light ,125.0
H-8532ORG,Heavy Duty Rolling Z-Rack - Orange ,125.0
S-2568RED,"Blank Inventory Rectangle Labels - Red, 2 x 3"" 500/roll ",124.0
S-6873,Kleenex&reg; Boutique Facial Tissue 36 boxes/case ,121.0
H-595,Economy Cutter 12/box ,120.0
S-21989,Single-Serve Hot Cocoa Cups - Milk Chocolate 24/box ,120.0
H-6112,Two-Way Radios ,120.0
H-543R,Uline Plastic Truck Seals - Red 100/Pack ,114.0
S-16882BL-X,"Uline Gription&reg; Flex Latex Coated Gloves - Black, XL 12   pairs/carton ",108.0
H-6054,"Professional Microfiber Duster - 19"" ",108.0
S-23310,"13 x 10 x 6"" Lightweight 32 ECT Corrugated Boxes 25/bundle ",107.0
H-1621,"Contractors Broom - 30"", Medium Bristles ",105.0
S-17321R,Inventory Control Cones - Red ,105.0
S-23220,Kleenex&reg; Deluxe Facial Tissue 27 boxes/case ,102.0
S-25708,Glad&reg; ForceFlex&reg; Fresh Scent Drawstring Trash Bags - 13   Gallon 110/box ,102.0
S-2210,"40 lb Kraft Paper Roll - 36"" x 900' ",100.0
S-21088-L,Uline Ultra-Lite Polyurethane Coated Gloves - Large 12 pair/carton ,100.0
H-3687O,"Uline Trash Can - 32 Gallon, Orange ",99.0
S-7839,"Uline Save A Buck Reinforced Kraft Tape - 2.75"" x 450' 10 rolls/case ",99.0
H-2755BLU,Uline Folding Knife - Blue ,97.5
S-24892,Folgers&reg; Regular Classic Roast Coffee ,96.0
S-22358,Uline Premium Blend Coffee - Medium Dark Roast 12/box ,96.0
S-12418BLU,"Plastic Stackable Bins - 15 x 5 1/2 x 5"", Blue ",90.6
H-702,"Uline Industrial Gripper Polyester Strapping Sealer - 1/2"" ",90.0
S-20684,Colored T-Shirt Rags - 25 lb box 220/box ,90.0
H-11034,GFCI Extension Cord - 25' ,90.0
S-20092,Coffee-Mate&reg; French Vanilla Creamer ,90.0
S-17080,Uline Antibacterial Hand Soap - 1 Gallon ,90.0
H-7400,"Rubbermaid&reg; WaveBrake&reg; Bucket/Wringer - Side Press, 26 Quart ",89.0
H-10126,Wire Mesh Deluxe Desktop Organizer - Black ,88.0
S-22311,"Pacific Blue Ultra&trade; BigFold Z&reg; Multi-Fold Towels 2,200   sheets/case ",87.0
S-19528,"File Folders - Letter, Manila 100/box ",85.0
S-4988,"15 x 10 x 6"" Corrugated Boxes 25/bundle ",85.0
S-14268,"11 x 8 x 8"" Corrugated Boxes 25/bundle ",84.0
H-8622BLU,"Uline Lockout Padlock - Set of 6 Keyed Alike, 1 1/2"" Shackle, Blue ",84.0
H-867G,"Deluxe Dust Mop Kit - 36"", Green ",84.0
S-23984,Energizer&reg; AAA Lithium Batteries - 24 Pack 24/pack ,83.0
S-23985,Energizer&reg; AA Lithium Batteries - 24 Pack 24/pack ,83.0
H-2787,Surge Protector - 7 Outlet ,81.0
S-5294,"Uline Stretch Wrap - Blown, 60 gauge, 18"" x 2,000' 4 rolls/case ",80.0
S-17081,Uline Aloe Hand Soap - 1 Gallon ,80.0
S-2568Y,"Blank Inventory Rectangle Labels - Fluorescent Yellow, 2 x 3""   500/roll ",80.0
S-6771,Air In A Can ,79.6
H-2241,Uline Air Freshener Dispenser ,78.0
S-24850W,"Uline Ripple Cups - 10 oz, White 500/case ",78.0
H-1715BL,"Anti-Fatigue Mat - 3/8"" thick, 3 x 4', Black ",78.0
S-2568LB,"Blank Inventory Rectangle Labels - Light Blue, 2 x 3"" 500/roll ",78.0
H-3053D,"Dividers for Magnum Hopper Bins - 24 x 11"", Black 3/pack ",78.0
S-22853,Super Sani-Cloth&reg; Sanitizing Wipes - 160 ct ,78.0
S-16704,"8 x 8 x 42"" Tall Corrugated Boxes 20/bundle ",77.6
H-286BL,Sharpie&reg; Fine Tip Markers - Black ,77.4
S-22274,"Uline Crystal Clear Plastic Cups - 10 oz 1,000/case ",77.0
S-9975,Dawn&reg; Professional Dish Soap - 38 oz Bottle ,76.0
S-22749BL,"Uline Easy Glide Gel Pen - Medium Tip, Black ",75.60000000000001
H-1798,"Aluminum Lever Lock Load Bar - Rubber Ends, 89-104"" ",75.0
S-23351BLU,"Microfiber Rags In A Box - 50/Box, Blue 50/box ",74.0
S-18498,"Uline Paper Plates - 8 1/2"", Heavyweight 250/case ",74.0
S-19531,"Hanging File Folders - Letter, Assorted Pack 25/box ",72.0
H-5877,"Deluxe Angle Broom - 15"" ",72.0
S-21354,N'Joy Creamer - 12 oz 3/box ,70.25
S-15583BL,"Drawstring Trash Liners - .8 Mil, 13 Gallon, Black 400/carton ",70.0
S-14824,Uline Air Freshener Spray - Citrus Blossom 12 cans/case ,70.0
S-4794,"20 x 16 x 14"" 275 lb Heavy Duty Corrugated Boxes 15/bundle ",69.6
S-16847S,Uline Heavy Utility Gloves - Small ,69.0
S-14803,Warehouse Aisle Sign Kit ,68.0
S-20213,"Kraft Paper Dispenser Box - 12"" x 1,500' ",66.0
S-21834,Sani-Wipe&reg; Sanitizing Wipes - 95 ct ,66.0
S-13526,"Drawstring Trash Liners - 1.4 Mil, 55 Gallon 100/carton ",64.0
S-18815BL,Neoprene Apron - Black ,63.0
S-210,"IBM Style Open End Packing List Envelopes - Clear, 4 x 8""   1,000/carton ",62.0
S-4315,"7 x 7 x 7"" Corrugated Boxes 25/bundle ",61.0
S-22168,"13 x 8 x 6"" Corrugated Boxes 25/bundle ",60.5
S-5108,"Uline Industrial Trash Liners - 40-45 Gallon, 1.5 Mil, Black   100/carton ",60.0
H-7202,Rubbermaid&reg; Maximizer&trade; Standing Dust Pan ,57.0
H-543BLU,Uline Plastic Truck Seals - Blue 100/Pack ,57.0
S-4645,"20 x 16 x 16"" Corrugated Boxes 15/bundle ",56.85
H-505,Spray Can Holder/Gun ,56.4
S-2568O,"Blank Inventory Rectangle Labels - Fluorescent Orange, 2 x 3""   500/roll ",56.0
S-24648,Binder Clips - Small 144/pack ,55.0
H-1369,Uline Comfort-Grip Knife ,54.3
S-1299,"9 x 12"" 2 Mil Reclosable Bags 1,000/carton ",54.0
S-21836,Air Wick&reg; Scented Oil Refill - Fresh Linen 12/carton ,54.0
S-20582BL,Storage Clipboard - Black ,51.0
S-23041W,"Drawstring Trash Liners - .7 Mil, 8 Gallon, White 400/carton ",51.0
S-12417BLU,"Plastic Stackable Bins - 11 x 11 x 5"", Blue ",50.4
H-4095,"Vornado&reg; Room Fan - 7"" ",50.0
S-16863,"Uline Industrial Vinyl Safety Tape - 4"" x 36 yds, White 12 rolls/case ",49.8
S-18355,"18 x 18 x 12"" Lightweight 32 ECT Corrugated Boxes 25/bundle ",49.0
H-3475,"Microfiber Deluxe Dust Mop Kit - 48"" ",49.0
S-21088-M,Uline Ultra-Lite Polyurethane Coated Gloves - Medium 12 pair/carton ,48.0
H-2240D,"Dividers for Magnum Hopper Bins - 20 x 12"", Black 3/pack ",48.0
H-2755R,Uline Folding Knife - Red ,48.0
S-19089,"13 x 13 x 9"" Corrugated Boxes 25/bundle ",48.0
H-4288,Uline Quick Change Folding Knife ,48.0
S-25416,"3M Post-it&reg; Notes - Super Sticky, 3 x 3"", Assorted Brights   12/pack ",48.0
S-827,"Steel Strapping Seals - Open, 1/2"" 1,000/carton ",48.0
H-40,Standard Steel Strapping Cutter ,47.0
H-2029,Swingline&reg; 747 Classic Desktop Manual Stapler ,46.0
S-7319,"Uline Economy Trash Liners - Natural, 20-30 Gallon, .39 Mil   500/carton ",45.0
S-2568G,"Blank Inventory Rectangle Labels - Fluorescent Green, 2 x 3"" 500/roll ",44.0
S-7121W,"Economy Wet Mop Head - 24 oz, White ",43.5
S-23323-L,Uline Dyneema&reg; Diamond Cut Resistant Gloves - Large ,42.0
S-26249,Bigelow&reg; Tea - Green 28/box ,42.0
S-4418,"36 x 12 x 12"" Long Corrugated Boxes 15/bundle ",40.95
S-19530,"Hanging File Folders - Letter, Green 25/box ",40.0
S-14752,"Uline 4-in-1 Plastic Utensil Kit - Standard Weight, White 250/box ",40.0
S-4724,"18 x 10 x 4"" Corrugated Boxes 25/bundle ",39.75
S-21620-L,Leather Palm Safety Cuff Gloves - Large 12 pairs/carton ,39.0
S-5632,"Uline Self-Seal White Bubble Mailers #1 - 7 1/4 x 12"" 100/case ",39.0
H-2761,Lobby Broom and Dust Pan Combo ,39.0
S-19890-L,Uline Super Gription&reg; Foam Nitrile Coated Gloves - Large 12   pairs/carton ,39.0
S-7305B,"Uline Plastic Spoons Bulk Pack - Standard Weight, White 1,000/box ",38.0
S-24473,"Barricade Tape - 3"" x 1,000', ""Caution/Attention"" 8 rolls/case ",38.0
S-19373,Uline 2in1 Cleaner and Disinfectant - 32 fl oz ,38.0
S-6615,Pressboard Clipboard - Letter ,36.0
H-2019,Manual Staple Gun ,35.0
S-12812,Uline Microfiber General Purpose Towels - Blue 12/pack ,35.0
S-19421BL,Sharpie&reg; Ultra Fine Tip Markers - Black ,34.8
S-25450,"Quikrete&reg; Repair Compound - Crack Filler, Concrete ",34.0
S-2568P,"Blank Inventory Rectangle Labels - Fluorescent Pink, 2 x 3"" 500/roll ",34.0
S-15715,"D.O.T. Labels - ""Lithium Ion Batteries UN 3480"", 4 x 4 3/4"" 500/roll ",34.0
S-23454,"Nylon Natural Cable Ties - 10"", 18 lb 1,000/pack ",34.0
S-23039BL,"Uline Max-Flex Outdoors Drawstring Trash Liners - 33 Gallon, Black   90/carton ",32.0
S-25195,Quikrete&reg; Parking Lot Repair Compound - Concrete ,32.0
S-19810L,"Uline Black Latex Gloves - Powder-Free, Large 100/carton ",32.0
S-20136,"Uline Laser Labels - White, 3 3/4 x 4 3/4"" 400/box ",31.0
S-775,"Uline Foam Roll - 1/8"", 12"" x 175', Perforated 1 roll/carton ",30.0
H-5838,Safety Economy Cutter 12/box ,30.0
S-261,"Fluorescent Shipping Labels - ""Fragile/Handle With Care"", 2 x 3""   500/roll ",30.0
S-17003,"Fluorescent Shipping Labels - ""Next Day Air"", 2 x 3"" 500/roll ",30.0
H-3476,Bulk Foaming Soap Manual Wall-Mount Dispenser - 46 oz ,29.0
H-1292,Uline First Aid Kit - 10 Person ,29.0
S-2503P,"UPSable Bubble Roll - 12"" x 188', 5/16"", Perforated ",29.0
S-19475,GOJO&reg; Cherry Gel Gallon - Pumice ,28.0
H-10123,Wire Mesh Desktop Pencil Cup ,28.0
S-7147,409&reg; Cleaner/Degreaser - 32 oz Spray Bottle ,28.0
S-16882R-M,"Uline Gription&reg; Flex Latex Coated Gloves - Red, Medium 12   pairs/carton ",27.0
S-16882BL-M,"Uline Gription&reg; Flex Latex Coated Gloves - Black, Medium 12   pairs/carton ",27.0
S-9963V,"""No Smoking"" Sign - Vinyl, Adhesive-Backed ",27.0
S-14954,Ice Melt - 40 lb Pail ,26.0
S-14179L,"Uline Industrial Nitrile Gloves - Powder-Free, 4 Mil, Large   100/carton ",26.0
S-20665BL,"Pilot&reg; G-2&reg; Gel Pen - Fine Tip, Black ",25.8
H-1349,"Stainless Steel Industrial Window Squeegee - 12"" ",24.0
S-7305,"Uline Plastic Spoons - Standard Weight, White 100/box ",24.0
S-2568GR,"Blank Inventory Rectangle Labels - Kelly Green, 2 x 3"" 500/roll ",24.0
S-7295,GOJO&reg; Natural Orange Gallon - Pumice ,24.0
S-7303,"Uline Plastic Forks - Standard Weight, White 100/box ",24.0
S-19454,"Uline Multi-Purpose Cleaner - Lavender Scent, 1 Gallon Bottle ",24.0
S-2568RY,"Blank Inventory Rectangle Labels - Royal Blue, 2 x 3"" 500/roll ",24.0
S-7276,Toilet Seat Covers 250/pack ,23.4
S-4406,"12 x 9 x 6"" Corrugated Boxes 25/bundle ",23.0
S-21132W,"Letter Notepads - 8 1/2 x 11 3/4"", White ",23.0
S-11278,Thermal Printer Cleaning Pen 12/box ,22.0
S-21321,Sprayway&reg; Foaming Glass Cleaner - 19 oz Can ,22.0
S-17132,Uline Tuff Scrub&trade; Hand Soap Gallon - Pumice ,21.0
S-15763,"Fabuloso&reg; Cleaner - Lavender Scent, 1 Gallon Bottle ",21.0
H-596,"Uline Industrial Side Loader Tape Dispenser - 3"" ",20.0
S-24649,Binder Clips - Medium 144/pack ,19.0
S-19452,Uline Glass Cleaner Refill - 1 Gallon Bottle ,19.0
S-21131Y,"Memo Notepads - 5 x 8"", Canary ",19.0
S-13287,"3 x 3 x 3"" Corrugated Boxes 25/bundle ",18.5
S-7304,"Uline Plastic Knives - Standard Weight, White 100/box ",18.0
S-6778BL-L,"PVC Dot Knit Gloves - Double-Sided, Black, Large 12 pair/pack ",18.0
S-15604,Duracell&reg; Procell&reg; AAA Alkaline Batteries 24/box ,18.0
S-17852,"T50 Staples - 3/8"" 5,000/carton ",18.0
H-64B,Standard Utility Blades 100/pack ,18.0
S-25869,Sharpie&reg; Fine Tip Markers - Assortment Pack 12/pack ,17.25
S-8129,Urinal Para Block 12/case ,17.0
H-6557,Air Wick&reg; Scented Oil Warmer 6/carton ,16.0
S-19455,Uline All-Purpose Cleaner - 32 oz Spray Bottle ,15.0
S-15605,Duracell&reg; Procell&reg; AA Alkaline Batteries 24/box ,15.0
H-872,"Quick Release Swing Bar Wooden Mop Handle - 60"" ",14.5
S-15516BL,"Uline Pallet Markers - Comfort-Grip Chisel-Tip, Black ",14.4
S-12418D,"Length Dividers for Stackable Bins - 15 x 5"" 6/carton ",13.75
S-17367FP,"Sharpie&reg; Highlighters - Tank, Fluorescent Pink 12/pack ",11.0
S-17367BLU,"Sharpie&reg; Highlighters - Tank, Fluorescent Blue 12/pack ",11.0
S-17367FY,"Sharpie&reg; Highlighters - Tank, Fluorescent Yellow 12/pack ",11.0
S-17367FG,"Sharpie&reg; Highlighters - Tank, Fluorescent Green 12/pack ",11.0
S-22749BLU,"Uline Easy Glide Gel Pen - Medium Tip, Blue ",10.8
H-595B,Single Edge Razor Blades 100/box ,9.95
S-2775O,"Blank Inventory Circle Labels - Fluorescent Orange, 1 1/2"" 500/roll ",9.0
S-2775RED,"Blank Inventory Circle Labels - Red, 1 1/2"" 500/roll ",9.0
S-14138,"Desktop Staples - 1/4"" 5,000/carton ",9.0
S-2775Y,"Blank Inventory Circle Labels - Fluorescent Yellow, 1 1/2"" 500/roll ",9.0
S-2775RY,"Blank Inventory Circle Labels - Royal Blue, 1 1/2"" 500/roll ",9.0
S-2775GR,"Blank Inventory Circle Labels - Kelly Green, 1 1/2"" 500/roll ",9.0
S-12699BL,Comfort-Grip Markers - Black ,8.4
H-2759,Expo&reg; Dry Erase Markers - Assortment Pack ,8.0
S-24023BL,Disposable Face Masks - Black 50/carton ,7.0
S-15545R,"Plastic Clipboard - Letter, Red ",7.0
S-7298,"Plastic Coffee Stirrers - 5‚Äù 1,000/box ",4.3
H-12107,Trail Camera ,0.0
H-12108R,3-in-1 Creeper Seat ,0.0
H-12110,Professional Knife Set ,0.0
H-11603,Blackstone Burger Tool Set ,0.0
S-26099,Rolling Duffel Bag ,0.0
S-25475ATL,NFL Blanket - Atlanta Falcons ,0.0
H-11046,Bug-A-Salt ,0.0
S-25624,Bogg&reg; Bag Cooler ,0.0
S-25605,Ray-Ban&reg; Sunglasses - Aviator ,0.0
S-25603BLU,Tripod Umbrella ,0.0
S-25604BLU,Glamping Chair ,0.0
S-25533ATL2X,"MLB Windbreaker - Atlanta Braves, 2XL ",0.0
S-25532,Classic Holiday Nuts Collection ,0.0
S-25517W,Stanley&reg; H2.0 Quencher - Fog ,0.0
S-25533HOU-L,"MLB Windbreaker - Houston Astros, Large ",0.0
S-25475MIA,NFL Blanket - Miami Dolphins ,0.0
S-26104NW,Beach Chair - Navy/White Stripe ,0.0
S-26037R,Heated Seat Cushion - Red ,0.0
H-11501,3-in-1 Wireless Charger ,0.0
H-10884,Blackstone Tabletop Griddle ,0.0
H-10105,Deluxe Steak Knife Set ,0.0
S-25475DET,NFL Blanket - Detroit Lions ,0.0
H-11503,Eye Massager ,0.0
S-25692DAL-X,"Ladies' NFL Crewneck - Dallas Cowboys, XL ",0.0
S-25692DET-S,"Ladies' NFL Crewneck - Detroit Lions, Small ",0.0
S-25934,2025 American Muscle Cars Calendar ,0.0
S-25938,2025 Demotivationals Calendar ,0.0
S-26077SEA,NFL Hi-Vis Hat - Seattle Seahawks ,0.0
S-26269,2026 Bad Kitties&reg; Calendar ,0.0
S-26267,2026 American Muscle Cars Calendar ,0.0
S-26266,"2026 Ah, the Beach&reg; Calendar ",0.0
S-26157R,Yeti&reg; 26 oz Rambler&reg; ,0.0
S-26130,Blackstone Seasoning Set ,0.0
S-26115R,Power Bank - Red ,0.0
S-26109,Outdoor Screen House ,0.0
S-26107CW,Turkish Beach Towel - Coral/White ,0.0
S-24856,Sony&reg; Wireless Earbuds ,0.0
S-25625LTBLU,Bogg&reg; Bag Combo - Light Blue ,0.0
H-10898,Air Fryer ,0.0
S-23787BL,Camp Chair and Cooler Combo - Black/Lime ,0.0
S-23787CAMO,Camp Chair and Cooler Combo - Camo ,0.0
S-23789ATL,Tervis&reg; NFL Tumbler - Atlanta Falcons ,0.0
S-23789CHI,Tervis&reg; NFL Tumbler - Chicago Bears ,0.0
S-23789MIA,Tervis&reg; NFL Tumbler - Miami Dolphins ,0.0
S-23789NCP,Tervis&reg; NFL Tumbler - Carolina Panthers ,0.0
S-23865BLU-X,"Nike Dri-FIT Polo - Blue, XL ",0.0
S-23921,Big Daddy Rocker ,0.0
S-24388-L,YETI&reg; Dog Bowl - Large ,0.0
S-24505,Stanley&reg; Pitcher ,0.0
S-23281BL,S'well&reg; Tumbler - Black ,0.0
S-23284BLU,iHome Bluetooth&reg; Speaker - Blue ,0.0
S-25021BL,YETI&reg; Knit Hat - Black ,0.0
S-24969,Wrap-It&reg; Storage Straps ,0.0
S-25021GOLD,YETI&reg; Knit Hat - Gold ,0.0
S-25061-S,"Ladies' Crewneck - Bonfire, Orange, Small ",0.0
S-25517ALP,Stanley&reg; H2.0 Quencher - Alpine ,0.0
S-25061NB-S,"Ladies' Crewneck - Bonfire, Navy, Small ",0.0
S-25062-L,"Ladies' Crewneck - Tailgate, Large ",0.0
S-25062-S,"Ladies' Crewneck - Tailgate, Small ",0.0
S-25077DAL-L,"NFL Henley - Dallas Cowboys, Large ",0.0
S-26100LTPUR,Baby Bogg&reg; Bag - Lilac ,0.0
S-22047,Uline Ceramic Travel Mug ,0.0
S-22136,Camp Chair and Table Combo ,0.0
S-20399BL,Camp Chair - Black and Lime ,0.0
S-21001,Zero Gravity Chair ,0.0
S-21215DET-X,"NFL Hoodie - Detroit Lions, XL ",0.0
S-21215NCP-X,"NFL Hoodie - Carolina Panthers, XL ",0.0
S-23278,Zero Gravity Love Seat ,0.0
S-23722BL,Ladies' Quilted Puff Hat - Black ,0.0
S-21433R,Utility Wagon - Red ,0.0
S-23388,Uline Tool Bag ,0.0
S-14864,Uline Pallet Notes - English ,0.0
S-20298MIA,NFL Knit Hat - Miami Dolphins ,0.0
S-20298NCP,NFL Knit Hat - Carolina Panthers ,0.0
S-20298NEP,NFL Knit Hat - New England Patriots ,0.0
S-20087ATL-X,"NFL Soft Shell Coat - Atlanta Falcons, XL ",0.0
S-23179,YETI&reg; Rambler&reg; Set ,0.0
S-22627W,Corkcicle&reg; 60 oz Canteen and Stemless Wine Glass Set - White ,0.0
S-22526BLU,UE Wonderboom Bluetooth&reg; Speaker - Blue ,0.0
S-22526BL,UE Wonderboom Bluetooth&reg; Speaker - Black ,0.0
S-20987,SwissGear&reg; Laptop Backpack ,0.0
H-9594,Weber&reg; BBQ Tool Set ,0.0
H-8804,9-in-1 Ratcheting Screwdriver ,0.0
H-8899,Drill Bit Set ,0.0
H-9519,Magic Bullet&reg; ,0.0
REPAIRED FRT,REPAIR LABOR - FREIGHT ITEM ,0.0
H-8067SIL,Portable Stove - Silver ,0.0
H-6688BL,Kyocera Ceramic Knives - Black 3/set ,0.0
H-6688R,Kyocera Ceramic Knives - Red 3/set ,0.0
H-8193R,YETI&reg; Cooler - Red ,0.0
H-8157,Job Site Fan ,0.0
H-3957BLU,Vornado&reg; Desktop Fan - Navy ,0.0
H-2917PUMP,HYDRAULIC PUMP WITH BYPASS ,0.0
H-6113,Cordless Drill and Driver Kit ,0.0
H-6111BL,Bushnell&reg; Binoculars - Black ,0.0
H-12115,Emergency Crank Radio ,0.0
H-2790BL,Weber&reg; Smokey Joe&reg; Grill ,0.0
H-175,Stretch Wrap Cutter ,0.0
H-2215,Rubber Mallet ,0.0
H-150,"Uline Industrial Side Loader Tape Dispenser - 2"" ",0.0
H-10343RUST,Cordless Tabletop Lamp - Rust ,0.0
H-108,"Uline Metal Strapping Tape Dispenser - 1"" ",0.0
H-10343W,Cordless Tabletop Lamp - White ,0.0
